,Day +1,Day +2,Day +7,Day +14,Day +28,Day +63
GO,-1.0936964652719883,-1.126491821763878,0.13032579192453633,0.9133963834483604,-1.8244899638475733,1.2959012536023036
BJ,0.22432691457153453,0.14272758460771584,-0.1912826874138922,3.94482667776953,-0.2737753666389722,3.042511483408031
CHEF,0.06963918598961773,0.21590827684441305,1.1897391131808421,1.7180828821384309,1.0409035887666098,2.7418230666645305
SFM,0.0176465451337586,-0.15630611686786205,0.8818546393321142,0.4479426997007379,1.3915426525764736,2.212610037106817
PFGC,-0.13644823793190308,-0.36310357644473484,0.5788892118753762,-0.7455556188290787,-0.7804509896025874,-0.5579889901089672
ANDE,-0.09219432424475976,0.007518515576538744,-0.18040022505918674,0.39670481216771536,3.236453548448864,2.1259641298948893
NGVC,0.09775775263224062,0.548911221671108,2.224152588988513,0.5750306714428375,0.5552359109120941,0.8329144149498641
UNFI,-0.847993137924388,-0.8349624924929331,0.5678283858011185,0.7044303551644677,0.8044895540553301,4.606417550605965
PSMT,-0.22545726315181902,-0.37878281610010855,-0.9404577700250525,-0.5402368124424499,-1.3924911882803768,-3.675496647407607
SPTN,-0.04882005841763064,0.1037236674468353,1.1790589571316479,1.277322241443161,1.6765493433980851,4.498562504261682
USFD,-0.007270489029373132,0.46252731561665844,0.3373838849777542,1.205720661357953,0.7635809014587054,-0.6826938128224995
