,Day +1,Day +2,Day +7,Day +14,Day +28,Day +63
SPB,0.08409027535191205,-0.24608868024598057,-0.07448957714300858,-0.21869088731324762,0.02551773011853317,0.6587995980199504
ENR,-0.023020778779146444,-0.27119039667620454,-0.24899772268365325,-0.32650842709030914,0.755627624821662,0.1606123723022743
SKIN,0.276666800181071,0.710000197092692,1.8166667620340984,1.6116665204366047,2.1000002225240073,0.7816664377848307
OLPX,0.12999916076660156,-0.3100013732910156,2.059999465942383,-0.1400012969970703,0.6299991607666016,-5.540000915527344
EPC,-0.08496073643882758,-0.04192165156751566,-0.07378258782769385,-0.18724913480007707,-0.3996508324692809,-1.2872655874411294
LFMD,-0.14714295523507254,-0.33285720007760183,0.01142845835004534,-0.2542858464377267,-0.44857161385672434,-1.5414286681583949
IPAR,0.1183107593519703,0.11082839615617045,0.15269466735530768,-0.17111562720139453,0.3316706055146994,0.2140306184376831
NATR,0.03631524619660812,-0.08867699865192456,0.30445774011614646,0.1894147194804839,0.4241216297737567,0.04968737875923525
ODC,-0.027208143027697387,0.035128518786969515,0.28941488075000515,0.215365093877137,0.7465565184178966,0.6024520079675262
USNA,-0.06877330564103036,-0.5479242576743072,-0.05264131078180277,-0.6696225292277787,-0.5359432832250055,-0.765660249961997
HLF,-0.1954264168077207,-0.23288653601290218,-0.7511090707325144,-0.8331675992648352,-0.9682553745049681,-0.9654524214366635
BRBR,0.28333314259847003,0.5066661834716797,0.2133328119913737,0.8316663106282552,1.3099994659423828,1.2699995040893555
COTY,-0.04537454339441327,-0.17646583063925067,0.08348993331113028,0.01080273248132375,-0.14430940032951906,-0.46680068010357273
WDFC,0.10983486813597647,-1.0176430531980745,-0.8877600865296895,-0.2841345234710907,0.06176405960286857,2.392500210248251
REYN,-0.40276915135030933,-0.4815253776353865,-0.9205778497951878,-0.08932749734369416,0.4282267120780716,1.7264931834660269
CENT,0.125882485333611,0.18764720243566177,0.07676497627707089,-0.2823527420268339,-0.21088221493889303,0.6135294156916001
ELF,0.2670000076293945,0.5989998340606689,0.5849998950958252,0.7985000610351562,0.7549999713897705,0.8889999866485596
NUS,-0.006812443304115422,0.08415632033590169,0.10359425268229815,0.02843423553909909,0.2370195492504213,0.8788590317902271
MED,0.08042674838070804,-0.3772897955747642,0.6388460717085703,0.7630173783521182,0.6681928545436779,1.157475289805377
