,Day +1,Day +2,Day +7,Day +14,Day +28,Day +63
SPB,0.16891206168280687,-0.2616004147610956,0.21377925564958492,-0.18427636660294683,0.02506528215000834,2.981489072754309
ENR,-0.06871899430401966,-0.7062916830432271,-0.56096634218753,-0.6871802559774199,2.185737686882075,1.1889536836647359
SKIN,3.2865547687696406,7.239318931550533,13.976788992719145,11.760914983523202,16.433596950245956,11.002923542704382
OLPX,0.48255069855049726,-1.1507103457518895,7.646619989254006,-0.5196781522705578,2.338526905261773,-20.564219768754867
EPC,-0.28434688365694805,-0.3982372161810964,-0.46370129461981396,-0.45631020231047864,-0.723418007544681,-3.1019975668642807
LFMD,1.687554122683151,1.8722779291521476,4.0398143925796415,4.77128252427483,8.246052315306104,-18.548250889326823
IPAR,0.19276483841051537,0.5458119238575588,1.343901151817579,1.6121323588023495,2.5066928663581014,2.502659269491456
NATR,0.3599964814554986,-0.7012311721195442,3.3697433640375714,2.0743592910865964,4.8127808820354785,2.166681468767621
ODC,-0.042717077122295284,0.3258390180655305,1.8789202597901131,1.8105375288627497,3.9953427198039533,3.608136145359197
USNA,0.029308628247975938,-0.3484940552564446,0.3190488158968004,-0.33837423005597467,0.12644193468562331,1.3934505039978697
HLF,-0.4565129139485303,-0.5783415112776977,-2.124010646413241,-1.9709061394381233,-1.7463597945793174,-2.2013645591652975
BRBR,1.1243330710838464,2.1107506938655356,1.0198749229034003,3.6376054487748917,6.219405101957494,5.7353148982070055
COTY,-0.3453582451541725,-0.854803552098799,1.1671900151029206,1.506490930197989,1.1387957869824645,-1.9112486323890194
WDFC,0.22730084143575552,-0.5152020556697231,-0.0921673526020644,0.5459490735000031,0.5461068692400903,3.1315979147362585
REYN,-1.5374617562122346,-1.8263854123724244,-3.6046275191223067,-0.2848485705769619,1.8063732840237954,6.806190385457207
CENT,0.3574930951209848,0.9226078070010293,0.6934867982786201,-0.8526420222084077,-0.7529841870901625,3.9968251824881786
ELF,0.8303966535898603,1.876935409994801,1.9781447734082136,2.966899461661934,2.2263149539075284,3.062274336594635
NUS,-0.008714624596707366,0.37550651154288733,0.21578953947463325,0.3865393350668539,1.4859927069968304,3.354617499388864
MED,-0.07734407814389742,-0.5429419090569628,1.2636170088432017,1.2152090145474737,2.689689334075438,5.627825932879044
