,Day +1,Day +2,Day +7,Day +14,Day +28,Day +63
2022-03-23,-0.5522813673526628,-0.9941106748179891,1.6568511246966438,-4.749628186399363,-20.471279444694673,-41.60530285058732
