,Day +1,Day +2,Day +7,Day +14,Day +28,Day +63
2022-03-23,-0.1483277888578165,-0.2669911515981731,0.4449852526636242,-1.2756212474854394,-5.498030161106335,-11.174055366323206
