,Day +1,Day +2,Day +7,Day +14,Day +28,Day +63
2022-05-07,-0.18012817498803102,-0.5223746278034369,-0.9907109748950589,0.19814322568659293,1.9544019505112225,-1.0537559220331651
