,Day +1,Day +2,Day +7,Day +14,Day +28,Day +63
2022-05-07,-0.8576280369129279,-2.4871352113901963,-4.716982829608995,0.9434014733368628,9.30531777311974,-5.017153051479767
