,Day +1,Day +2,Day +7,Day +14,Day +28,Day +63
2022-03-01,0.1900005340576172,0.7600002288818359,0.9000005722045898,0.8100004196166992,2.890000343322754,-2.479999542236328
