,Day +1,Day +2,Day +7,Day +14,Day +28,Day +63
2022-08-03,0.0993587426651521,0.40737108181705306,1.639420438424656,1.5798056666054219,0.9836522630547941,0.6756399239028932
