,Day +1,Day +2,Day +7,Day +14,Day +28,Day +63
2022-08-03,1.5384600712702792,6.307689960186295,25.38460951585033,24.461540809044465,15.230765709510209,10.461535820594193
