,Day +1,Day +2,Day +7,Day +14,Day +28,Day +63
2022-08-03,0.09935875000110173,0.40737111189446296,1.6394205594679079,1.5798057832471386,0.9836523356807447,0.6756399737873835
