,Day +1,Day +2,Day +7,Day +14,Day +28,Day +63
2020-07-28,0.08956025576126692,0.4298888860101222,-0.24181046986968724,2.5435016975891216,1.656858752814152,-2.5166331083948066
