,Day +1,Day +2,Day +7,Day +14,Day +28,Day +63
2022-08-13,-0.7550959547626128,-1.172386821892104,1.9374222891823365,7.441687446316788,5.852007862249906,0.2583230982273328
