,Day +1,Day +2,Day +7,Day +14,Day +28,Day +63
2021-11-03,0.03121967137963022,-0.07024444668808627,0.08585391021006306,-0.26536757889469254,-0.366831696962409,0.14048889337617432
