,Day +1,Day +2,Day +7,Day +14,Day +28,Day +63
2021-11-03,0.03121966751469163,-0.07024443799195357,0.08585389958150635,-0.26536754604267543,-0.3668316515493206,0.14048887598390714
