,Day +1,Day +2,Day +7,Day +14,Day +28,Day +63
2021-11-03,0.40526810857971896,-0.9118556598928649,1.114484883005801,-3.444783754104691,-4.761907522577289,1.8237113197857298
