,Day +1,Day +2,Day +7,Day +14,Day +28,Day +63
2022-11-11,-1.4443506345134551,-1.359395028577822,-2.5488545375287543,-2.2090078060305984,-0.16992741704169134,-8.496176390039011
