,Day +1,Day +2,Day +7,Day +14,Day +28,Day +63
2022-11-11,-0.1608827589222308,-0.15141975738906233,-0.2839108041290874,-0.24605609041371324,-0.018927808121471656,-0.9463687454119114
