,Day +1,Day +2,Day +7,Day +14,Day +28,Day +63
2022-11-11,-0.16088277269662932,-0.15141977035326093,-0.28391082843685744,-0.2460561114804527,-0.01892780974202246,-0.9463688264377623
