,Day +1,Day +2,Day +7,Day +14,Day +28,Day +63
2021-07-31,0.4800158640449901,-0.06588421355732166,0.6729632588386458,1.1953335166290842,1.1012124421714056,2.3341933114574545
