,Day +1,Day +2,Day +7,Day +14,Day +28,Day +63
2021-07-31,2.794521802092248,-0.38355997163957056,3.917809055276095,6.9589066178831445,6.41095932215859,13.58903858759632
