,Day +1,Day +2,Day +7,Day +14,Day +28,Day +63
2022-11-03,0.055508367703509975,0.09251424026904864,-0.1665268676897238,-0.6753582771830828,-0.5458372820588977,0.2960469805243129
