,Day +1,Day +2,Day +7,Day +14,Day +28,Day +63
2022-11-03,0.42432435986974326,0.7072095146209278,-1.272986568637407,-5.162662504851838,-4.1725610909656154,2.2630812380095335
