,Day +1,Day +2,Day +7,Day +14,Day +28,Day +63
2022-11-03,0.055508363656837645,0.09251423352457344,-0.1665268555495789,-0.675358227948097,-0.5458372422662556,0.2960469589418864
