,Day +1,Day +2,Day +7,Day +14,Day +28,Day +63
2022-11-03,0.42432435986974326,0.7072095146209278,-1.272986568637407,-5.162662504851852,-4.17256109096563,2.263081238009505
