,Day +1,Day +2,Day +7,Day +14,Day +28,Day +63
2021-08-05,-0.07964322252696121,0.19910900573949775,1.0353618928504638,-1.3937573436438875,-3.552713678800501e-15,-2.3494779128115972
