,Day +1,Day +2,Day +7,Day +14,Day +28,Day +63
2021-08-05,-0.07964322799213264,0.1991090194025098,1.0353619638977705,-1.3937574392845455,3.552713678800501e-15,-2.349478074034515
