,Day +1,Day +2,Day +7,Day +14,Day +28,Day +63
2021-08-05,-0.28653267724729403,0.7163351088572227,3.7249248042149787,-5.014325267566775,2.842170943040401e-14,-8.452724226012336
