,Day +1,Day +2,Day +7,Day +14,Day +28,Day +63
2020-05-01,-0.31114682098629487,1.1268594357151365,0.8493493719324725,-0.6222952459379307,0.89139732339369,1.7155179244494327
