,Day +1,Day +2,Day +7,Day +14,Day +28,Day +63
2020-05-01,-1.729775326986811,6.264610522786526,4.72183383684721,-3.4595595709847657,4.955593284420544,9.537171452723769
