,Day +1,Day +2,Day +7,Day +14,Day +28,Day +63
2022-07-29,0.0747497441188898,-0.5419360904055708,-0.3924366021677912,0.22424923235666938,0.43915452392666765,-2.373307494580086
