,Day +1,Day +2,Day +7,Day +14,Day +28,Day +63
2022-07-29,0.3902435302734375,-2.8292679205173386,-2.0487808599704636,1.1707305908203125,2.292679577338987,-12.390248368426057
