,Day +1,Day +2,Day +7,Day +14,Day +28,Day +63
2021-08-16,-0.3409586473355972,-4.733254274893866,-3.3894954286370194,-2.366627137446926,-11.53229027198654,-18.4316131747064
