,Day +1,Day +2,Day +7,Day +14,Day +28,Day +63
2021-08-16,-0.1615079845278018,-2.242085262155726,-1.6055629605619828,-1.121042631077863,-5.4627063234000275,-8.730832078040272
