,Day +1,Day +2,Day +7,Day +14,Day +28,Day +63
2021-08-16,-0.16150799753434342,-2.2420854427150445,-1.605563089860972,-1.1210427213575187,-5.462706763321982,-8.730832781150518
